Longitude,Latitude,HousingMedianAge,TotalRooms,TotalBedrooms,Population,Households,MedianIncome,MedHouseVal
-115.9481,36.0918,13,2925,617.0,2192,582,6.8518,9.5542
-114.9556,39.2895,14,3305,685.0,1193,244,6.724,5.0
-122.8538,35.9374,29,2272,486.0,2108,745,8.7806,5.0
-121.9217,34.9124,33,790,596.0,1342,536,12.6827,5.0
-123.0643,32.8932,24,2923,373.0,1216,711,8.5269,5.0
-114.3391,39.2341,25,3368,552.0,1406,443,8.5209,5.0
-114.4691,36.0127,45,2666,427.0,1536,39,13.2072,5.0
-116.7891,37.4917,21,2090,634.0,1005,631,11.329,5.0
-118.0978,40.8458,31,3336,166.0,440,803,11.2682,5.0
-122.8047,38.7474,22,2600,145.0,2640,168,13.3431,5.0
-121.3259,34.8287,12,1361,692.0,1141,248,6.8034,5.0
-123.0697,35.1543,36,2775,627.0,118,422,10.3737,5.0
-120.7566,38.4181,1,1157,293.0,3,436,7.7475,5.0
-123.4245,40.3791,52,3788,500.0,3,59,13.7102,5.0
-124.2017,34.2191,33,3211,270.0,984,957,12.7519,5.0
-123.8139,36.4634,25,1504,1135.0,2401,763,6.7275,5.0
-119.9313,34.4622,27,2912,126.0,251,340,15.0,5.0
-122.7639,33.6296,20,4123,1043.0,1194,29,6.4461,5.0
-123.8139,39.0851,52,164,333.0,104,594,14.405,5.0
-116.7901,36.3329,33,2501,682.0,2218,1016,10.3373,5.0
-116.6883,36.4064,8,4585,490.0,1688,715,7.1381,5.0
-114.8678,40.5063,33,853,457.0,1658,800,6.5566,5.0
-116.2892,32.6334,40,2469,826.0,2397,255,8.6754,5.0
-114.8206,34.6718,22,1000,793.0,2609,561,9.5537,5.0
-117.8056,33.0131,51,2585,483.0,2167,110,7.5439,5.0
-119.0449,32.6889,34,6,310.0,1010,1014,11.6923,5.0
-120.2153,37.5404,16,767,1145.0,474,648,5.9489,5.0
-121.0313,35.5717,35,2035,957.0,676,1,9.6087,5.0
-124.2376,38.9547,52,2825,604.0,166,20,9.6353,5.0
-117.2281,34.325,39,3106,481.0,2726,625,5.0579,5.0
-121.178,33.7305,1,3161,647.0,1290,536,10.7153,5.0
-117.0001,39.4775,9,4008,588.0,1520,419,6.2352,5.0
-114.8845,32.9854,4,3481,900.0,1569,660,4.0761,5.0
-116.4137,37.7344,34,3528,294.0,2881,1022,7.7969,5.0
-119.2761,32.9967,50,1516,571.0,1023,595,8.9024,5.0
-118.7669,41.3734,22,2480,345.0,2279,31,13.1514,5.0
-115.4458,40.9717,26,6396,931.0,1647,459,8.1462,5.0
-121.9805,33.0346,46,5322,1070.0,1319,159,15.0,5.0
-118.4607,41.4568,13,3636,539.0,47,291,15.0,9.8309
-118.3743,37.7742,33,3532,716.0,2090,584,14.0357,5.0
-118.3051,39.5253,52,3824,959.0,893,455,15.0,5.0
-121.4704,40.5114,43,2190,481.0,1098,223,10.8673,5.0
-119.7823,36.8027,50,4965,304.0,1591,492,7.949,5.0
-119.2925,36.8526,43,2223,856.0,1497,287,12.0424,8.3051
-116.3976,35.6739,36,2568,707.0,2239,637,13.4449,5.0
-114.6547,38.3311,12,5222,507.0,946,436,10.4575,5.0
-123.8673,32.798,47,218,974.0,1548,600,8.8505,5.0
-116.3485,38.9967,5,3090,631.0,1630,429,5.6085,5.0
-119.4908,39.4585,47,637,67.0,1448,693,12.1591,5.0
-117.885,39.0687,40,1895,662.0,1919,463,10.8727,5.0
-118.931,38.3855,47,2556,549.0,1246,495,6.1471,5.0
-116.2745,35.5579,3,2249,1092.0,2298,351,9.9668,5.0
-120.2838,38.9815,39,2869,561.0,918,535,12.3564,8.0347
-120.3932,36.1649,50,1760,508.0,393,37,9.2744,5.0
-118.8412,38.6097,49,2542,688.0,1400,1191,12.62,5.0
-114.6121,34.8903,36,1265,634.0,2281,321,12.4939,5.0
-120.1353,35.017,49,2207,171.0,1058,523,5.7853,5.0
-120.1135,38.6838,23,1027,599.0,978,374,8.6793,5.0
-119.282,34.1339,2,3438,474.0,1181,371,11.3834,5.0
-114.3364,40.4236,35,1136,959.0,1549,602,13.2139,5.0
-122.7759,40.2922,42,3483,1238.0,1303,364,15.0,9.0612
-118.3445,37.7465,7,2175,253.0,1654,386,4.9665,10.934
-118.2415,34.9654,22,2306,295.0,192,139,9.4122,5.0
-115.4131,35.7634,34,4059,330.0,2510,257,12.3297,5.0
-120.8844,33.9113,7,2792,382.0,1850,193,14.6964,5.0
-118.1792,39.5851,48,424,372.0,810,965,15.0,5.0
-121.8456,41.5838,2,3255,581.0,2419,150,6.9729,5.0
-120.4742,33.6169,1,6,871.0,1754,218,8.4667,5.0
-123.638,33.1841,2,2980,202.0,2490,547,6.6915,5.0
-121.5737,36.6213,49,2190,135.0,582,868,12.7747,5.0
-120.4708,41.731,27,1007,50.0,2625,56,6.0949,5.0
-121.3859,34.4699,17,2757,875.0,1463,94,14.4961,5.0
-120.2202,34.4464,46,2299,938.0,3,529,13.3088,5.0
-121.4838,36.3064,21,5041,136.0,1973,584,11.3959,5.0
-121.8253,35.6841,6,2145,109.0,1213,128,4.5472,9.4071
-120.937,35.025,49,4967,603.0,700,28,7.6194,5.0
-117.6218,37.9603,18,4304,872.0,1275,246,12.4746,5.0
-118.1087,33.5282,42,1939,850.0,30,690,5.9006,5.0
-114.5055,33.3539,7,1696,620.0,1851,485,8.8634,5.0
-123.0163,37.1748,21,4231,757.0,1274,690,9.2879,5.0
-116.2534,41.5035,11,2502,658.0,1235,468,13.0973,5.0
-123.5904,34.365,51,2854,411.0,2449,487,10.6171,5.0
-122.1065,34.6715,41,2362,1101.0,1455,655,10.5873,10.6421
-124.2229,34.6465,2,1227,566.0,953,465,8.2692,5.0
-119.3542,33.3012,13,2221,255.0,745,557,9.6464,5.0
-124.2726,33.4282,35,1523,435.0,1386,258,9.1916,5.0
-123.7375,35.5285,29,844,135.0,2197,339,12.3841,5.0
-117.8729,35.2154,27,2315,571.0,1011,617,9.049,5.0
-117.8433,38.0826,7,4787,873.0,682,433,13.7632,5.0
-123.4372,34.0541,47,4588,212.0,2095,301,5.3523,5.0
-118.1287,41.1443,21,2590,882.0,1473,666,14.5802,5.0
-120.0824,37.9087,1,2826,1153.0,1412,637,9.077,5.0
-115.6285,40.1349,23,3275,672.0,2933,493,14.2203,5.0
-118.577,33.7072,17,4284,242.0,555,298,9.9091,5.0
-119.0918,40.2577,5,3043,328.0,1573,728,12.9363,5.0
-114.3862,36.3731,25,2095,473.0,150,1144,15.0,5.0
-121.6094,35.6436,23,2198,207.0,1213,281,7.9475,5.0
-119.8164,40.8497,4,4015,216.0,1853,94,9.8957,5.0
-116.5893,36.6809,44,5768,494.0,2241,292,9.076,10.7459
-117.0869,35.2875,34,1918,516.0,514,252,10.3441,5.0
-123.9816,36.304,38,219,736.0,2032,166,5.4978,5.0
-124.275,38.1089,45,3631,230.0,1994,187,9.0715,5.0
-121.5804,34.8015,34,2573,1091.0,1341,715,8.8298,5.0
-114.5897,37.2735,48,2830,864.0,3204,718,7.3332,5.0
-123.736,35.6165,7,4140,816.0,1430,879,8.9978,5.0
-124.1873,33.7117,8,2745,,795,688,5.6453,5.0
-115.0983,32.7729,14,1081,1054.0,1736,370,15.0,5.0
-122.9771,40.3235,27,321,470.0,87,776,11.2321,5.0
-121.2024,41.0293,17,2608,1075.0,2554,335,15.0,5.0
-115.6903,35.2024,52,1282,867.0,2142,404,7.1129,5.0
-120.3782,39.7555,36,3011,315.0,1141,189,6.4273,5.0
-123.9456,36.3711,4,1143,439.0,1872,813,10.6084,5.0
-120.1958,35.8311,44,2244,1091.0,1816,756,5.4044,5.0
-117.0333,35.224,37,908,847.0,2824,373,10.4032,5.0
-122.7917,35.6339,33,2232,523.0,986,413,7.5444,5.0
-121.7126,35.8684,15,2132,624.0,499,503,8.5696,5.0
-121.0202,33.6232,16,3377,622.0,3,546,10.5026,5.0
-124.2842,40.3185,48,4271,350.0,1216,713,9.7725,10.1177
-117.4533,36.529,44,2446,511.0,299,511,15.0,5.0
-123.4654,34.3318,32,1635,382.0,1304,597,11.9672,5.0
-122.2167,36.4151,16,5005,447.0,1725,103,6.1525,5.0
-119.8913,37.0278,47,3100,697.0,1111,415,13.4969,5.0
-116.7368,39.6231,23,3397,298.0,748,27,6.0518,5.0
-123.5598,34.04,3,3394,770.0,2288,956,9.9078,5.0
-114.6307,37.2458,18,4407,597.0,1285,856,6.2467,5.0
-119.2855,39.7639,32,3874,780.0,1597,679,7.2209,5.0
-122.7096,40.2338,35,3478,816.0,2115,782,15.0,5.0
-122.6007,33.9349,22,3585,916.0,489,1014,7.9292,5.0
-118.9668,35.9653,25,1640,743.0,764,737,7.6932,5.0
-123.4863,39.172,6,1939,765.0,3229,79,7.9141,5.0
-122.7517,35.716,38,2540,516.0,1315,439,8.627,5.0
-114.7532,38.7735,22,2780,726.0,678,1,15.0,5.0
-115.5656,34.9931,7,2691,314.0,1245,281,6.392,5.0
-118.1803,35.5755,39,3038,498.0,1015,169,6.2656,5.0
-116.8446,33.2098,26,2700,777.0,543,490,11.7398,8.1343
-123.2826,38.6074,31,2157,552.0,1134,593,5.5338,5.0
-121.6168,35.2886,11,725,692.0,1414,251,8.4642,5.0
-124.2392,33.3243,31,3670,270.0,1419,418,14.2038,5.0
-118.5292,34.992,27,3372,950.0,1817,564,9.6075,5.0
-124.3516,34.2102,15,1617,405.0,180,451,8.1339,5.0
-123.3347,36.0524,1,3265,678.0,351,445,7.5103,5.0
-114.3396,41.5671,27,3142,560.0,1997,1,6.9917,5.0
-123.4934,41.2296,50,2756,828.0,1110,377,7.8241,5.0
-114.4543,40.4659,24,467,459.0,2305,697,10.0585,5.0
-118.9508,40.1052,40,1225,286.0,1648,558,14.7496,5.0
-119.4722,41.1011,48,1950,34.0,413,106,13.3966,5.0
-123.1068,34.106,41,4602,481.0,1815,420,7.8871,5.0
-120.4187,37.2346,46,1641,,700,560,7.4459,5.0
-120.8659,39.9621,26,2254,717.0,1616,238,12.1921,5.0
-117.3719,41.4293,23,1339,971.0,2314,666,5.1163,5.0
-114.4805,38.3026,21,2080,2.0,2951,283,8.2333,5.0
-121.1275,33.7825,27,3079,205.0,1379,405,8.5623,5.0
-124.1409,35.8027,15,185,653.0,1932,462,6.5237,5.0
-114.6541,34.2883,16,6,913.0,1645,1070,6.788,5.0
-119.5122,39.7769,25,3462,652.0,1999,407,10.7963,5.0
-120.2521,40.1406,30,2711,658.0,3,342,5.4018,5.0
-116.7309,36.2621,8,1944,709.0,1149,677,6.9743,5.0
-117.9205,32.5067,7,3830,728.0,1638,368,7.6439,5.0
-118.9547,41.2706,43,3832,1028.0,1767,541,9.8343,5.0
-122.9808,40.8581,51,158,739.0,886,1,5.9497,5.0
-116.3336,41.3306,37,2468,218.0,2023,568,13.9096,5.0
-121.9287,39.5953,22,3997,,2224,485,8.5868,5.0
-118.264,41.8998,42,1867,625.0,1479,155,8.7277,5.0
-122.495,35.0933,1,2293,339.0,1266,843,8.4221,5.0
-122.0576,33.6996,52,3812,493.0,1172,428,7.5619,5.0
-118.0857,40.4152,16,2348,419.0,1529,439,6.798,5.0
-116.8736,40.2353,22,1234,370.0,2278,149,14.18,5.0
-114.5846,35.0309,50,1846,762.0,2508,68,10.2276,5.0
-117.5014,38.1992,28,1080,457.0,1091,343,9.1768,5.0
-117.9667,33.3808,17,3333,259.0,760,94,13.4388,5.0
-118.3401,33.9017,33,602,365.0,859,618,7.4509,5.0
-121.4785,41.7261,21,3869,577.0,2138,716,11.8369,5.0
-115.1592,40.7866,45,696,,1589,325,9.5945,5.0
-118.5266,34.1473,51,2723,639.0,1644,72,7.0012,5.0
-123.8557,38.7026,47,910,984.0,1776,388,12.3702,9.9354
-119.5865,39.2549,41,2290,706.0,1700,214,5.6783,5.0
-120.9615,37.5366,51,3894,2.0,1341,533,11.9079,5.0
-122.8139,37.2615,19,4014,673.0,681,537,7.0072,5.0
-117.422,38.9679,51,4233,327.0,985,379,10.9471,5.0
-116.243,32.7531,9,2562,185.0,1517,509,15.0,5.0
-115.3374,41.6617,49,2797,263.0,1711,760,11.5579,5.0
-115.5791,38.2913,21,2947,1070.0,1164,933,7.7169,5.0
-114.4397,37.0324,31,3407,122.0,1131,354,9.4026,5.0
-122.4686,35.1673,20,2190,392.0,2412,678,8.3631,5.0
-118.6393,35.0961,42,3988,892.0,1094,428,6.3335,5.0
-120.2836,38.3608,47,3059,754.0,1589,215,6.4781,5.0
-117.0612,34.3308,12,4040,84.0,1201,823,9.6294,5.0
-117.4307,39.1576,29,3241,535.0,812,592,11.4128,5.0
-123.648,33.3138,32,3482,421.0,340,526,5.1601,5.0
-121.6203,36.1699,49,1793,511.0,1044,582,9.2443,5.0
-122.1852,35.1866,9,2169,778.0,840,447,11.2819,5.0
-123.676,32.5194,52,1119,404.0,2038,216,9.8357,5.0
-121.6527,39.1129,11,2314,476.0,605,951,6.7022,5.0
-119.5487,40.9411,46,2457,977.0,1133,723,13.5216,5.0
-121.2613,36.187,26,3671,47.0,1899,558,6.2244,5.0
-122.8818,34.7866,22,1158,461.0,1348,740,11.826,5.0
-116.3012,38.7378,42,6549,698.0,1784,824,15.0,5.0
-123.7423,33.5764,21,2522,215.0,2028,437,4.6824,5.0
-121.9361,40.5886,25,4178,388.0,240,642,10.3287,5.0
-117.4949,37.3037,29,3916,195.0,1134,405,10.5278,5.0
-120.3075,38.9695,48,6,610.0,741,657,10.2137,5.0
-117.881,35.41,36,2354,390.0,2396,423,7.253,5.0
-123.6075,37.5048,52,4436,788.0,1345,1122,8.4828,5.0
-114.9376,37.8794,45,6,854.0,1785,396,5.8381,5.0
-120.4308,38.4006,7,3591,579.0,2645,623,9.8791,5.0
-116.0521,40.0139,43,1569,459.0,1174,610,11.354,5.0
-120.1854,36.5956,20,2108,,1482,402,7.5056,5.0
-116.0077,36.5998,17,2937,582.0,1721,733,6.8619,5.0
-124.0844,36.5676,41,429,222.0,1238,467,8.0168,5.0
-121.6013,32.8757,39,2902,868.0,2327,382,9.4036,5.0
-114.3769,36.022,14,1892,629.0,2014,490,9.6283,5.0
-123.662,41.3088,20,1768,788.0,2145,294,9.0964,5.0
-115.7853,38.9607,4,3509,181.0,1464,800,9.6508,5.0
-120.5812,36.0507,41,6876,813.0,1184,652,6.0062,5.0
-119.5291,40.2843,10,3079,1160.0,1175,744,3.6874,5.0
-121.5195,35.1027,1,3331,739.0,1168,138,11.6468,5.0
-120.8801,36.4534,15,2606,156.0,256,560,15.0,5.0
-114.4621,35.2521,45,1799,576.0,1688,289,5.7889,5.0
-119.6814,36.3741,27,2977,549.0,2009,512,7.4923,5.0
-122.9837,33.8253,37,4488,627.0,1421,820,10.4399,5.0
-116.7162,37.945,49,2893,499.0,1075,556,13.0644,5.0
-122.2503,33.8387,8,3735,705.0,1455,444,11.7636,5.0
-119.0004,36.8018,22,2394,434.0,1589,780,14.6018,5.0
-116.4771,39.7328,14,5690,630.0,1662,752,9.2401,5.0
-119.7989,41.0156,39,687,371.0,2710,970,10.8505,5.0
-123.4407,38.7758,17,3367,593.0,818,5,10.8399,5.0
-117.0213,36.1238,34,3315,846.0,1688,574,8.114,5.0
-115.0464,34.4309,27,2984,426.0,1920,381,14.2164,5.0
-117.5646,35.1604,51,1324,753.0,1484,262,11.655,5.0
-114.9793,35.0798,48,1298,314.0,1261,519,13.1642,5.0
-119.6835,38.8161,21,2381,460.0,698,187,8.2298,5.0
-122.3432,39.7954,51,2782,498.0,1005,1,13.3988,9.7828
-121.0332,33.8564,11,1207,917.0,1930,255,6.5529,5.0
-116.3567,36.8163,32,1383,348.0,2461,421,10.7665,5.0
-114.9502,39.7009,26,3334,909.0,961,975,3.8373,5.0
-121.6944,39.1308,6,3900,151.0,1763,302,6.6528,5.0
-116.0902,33.53,28,1987,520.0,1797,185,12.1073,5.0
-116.7228,37.9517,51,1822,822.0,2144,1,8.0574,5.0
-122.1233,41.3798,5,1787,761.0,1601,398,9.9794,5.0
-116.081,40.6464,50,5634,279.0,1742,427,5.3918,5.0
-120.1465,34.7505,24,3247,219.0,2063,528,15.0,5.0
-122.9373,40.4878,5,2580,812.0,600,113,11.5329,5.0
-118.7244,41.8489,27,3866,208.0,1460,291,9.3177,5.0
-121.8421,41.3751,35,5413,728.0,174,1,10.8401,5.0
-118.9591,40.7508,32,4063,417.0,28,533,10.5182,5.0
-114.7586,33.647,35,944,561.0,843,81,15.0,5.0
-122.3845,36.6307,26,2555,1219.0,335,1,10.1161,5.0
-118.8239,38.7553,35,2172,1002.0,1786,791,5.677,5.0
-119.218,40.7505,10,2245,801.0,2131,621,8.611,5.0
-122.6882,40.3914,38,1195,174.0,1210,581,14.5902,5.0
-118.2474,36.4254,21,2185,654.0,1328,580,11.4231,5.0
-121.8909,35.8796,1,1353,579.0,1261,220,8.1376,5.0
-115.2402,39.1497,44,3063,535.0,1241,768,11.5832,5.0
-115.753,35.1227,17,2709,942.0,1522,217,9.7813,5.0
-119.05,36.4946,17,955,77.0,1675,986,11.5803,5.0
-121.9249,40.6017,18,603,654.0,1099,548,5.4591,5.0
-122.9524,35.1654,51,2077,599.0,869,10,6.9111,5.0
-122.0841,40.5607,34,3436,351.0,1057,715,11.8071,5.0
-119.0784,33.0458,14,3248,1052.0,1993,1002,8.7084,5.0
-118.4887,33.3231,5,2574,205.0,1128,423,10.6012,5.0
-123.0237,35.9566,3,6,571.0,2451,767,15.0,10.3051
-116.8398,38.9572,15,2058,586.0,1254,434,8.4476,5.0
-119.4876,34.6181,31,1763,2.0,2392,326,10.2089,5.0
-114.5564,41.633,10,2250,158.0,582,1,7.7669,5.0
-120.4041,38.1817,19,1185,289.0,935,811,7.5889,5.0
-119.7292,33.2473,3,2132,786.0,1763,374,9.1613,5.0
-116.4091,34.7328,24,1853,831.0,1770,588,5.7168,10.2593
-120.2491,40.6667,25,5918,731.0,1314,195,4.5744,5.0
-116.5005,33.5666,42,3499,631.0,2865,253,14.9955,5.0
-118.955,32.7325,11,2420,2.0,1475,780,9.0716,5.0
-123.2127,34.8499,27,2594,624.0,1629,389,13.8054,5.0
-115.2655,32.7651,26,2509,417.0,1023,385,9.8004,5.0
-115.3173,34.4155,8,2879,894.0,2593,162,9.8905,5.0
-123.1223,37.1528,11,2165,944.0,2029,544,11.8225,5.0
-121.0632,40.3843,42,2631,1197.0,1716,692,12.0167,5.0
-118.6731,36.8471,42,3887,763.0,270,370,6.2278,5.0
-123.3354,37.7751,10,3652,794.0,1680,441,14.2086,5.0
-120.3235,33.5919,6,3024,270.0,1095,172,6.744,5.0
-123.7321,35.7808,28,4255,585.0,1701,855,10.0767,10.3094
-119.0315,38.6797,41,2922,212.0,2068,329,15.0,5.0
-119.5246,37.076,35,1471,817.0,896,450,9.6618,5.0
-115.0235,41.4241,35,549,224.0,1577,929,15.0,5.0
-116.2744,36.4732,47,1815,501.0,2043,431,8.3473,5.0
-121.675,41.2748,9,2576,329.0,1538,86,11.5976,5.0
-117.5222,34.4959,44,3131,429.0,1192,249,9.5672,5.0
-114.7303,38.9419,20,3948,692.0,678,397,10.8448,5.0
-123.1042,39.8083,29,1961,402.0,953,955,7.0183,5.0
-119.0268,41.6759,20,1682,624.0,530,549,6.8685,5.0
-122.9418,34.1321,1,3580,277.0,2118,432,10.5447,8.2715
-121.8393,38.3769,24,4069,958.0,1497,707,5.5101,5.0
-119.4104,41.3353,40,2077,379.0,568,831,7.0453,5.0
-124.3036,37.2381,36,3058,849.0,1419,293,11.7089,5.0
-119.5401,41.8398,34,4307,1168.0,515,865,7.6188,5.0
-121.4086,41.1041,1,3038,2.0,3,715,6.9395,5.0
-123.7641,35.3103,46,2586,280.0,2272,609,6.4383,5.0
-119.0314,37.1241,9,150,503.0,2246,1,9.8877,5.0
-122.3745,35.5826,1,4247,894.0,386,543,8.303,5.0
-122.3748,40.1574,37,3427,424.0,918,856,9.8971,5.0
-114.8931,33.0215,44,2803,669.0,1567,420,8.8177,5.0
-119.9926,39.038,5,2092,354.0,1153,1095,15.0,5.0
-118.8781,32.5421,29,1152,721.0,821,511,8.1004,5.0
-123.3644,33.0319,44,2532,216.0,1061,226,4.8167,5.0
-114.7883,39.8931,31,2523,799.0,1253,647,9.7848,5.0
-118.4744,34.5242,20,3973,2.0,1034,569,9.4112,5.0
-121.424,37.9172,6,1194,23.0,1570,710,9.9196,5.0
-117.7037,41.169,2,4386,1078.0,1259,434,5.4346,5.0
-117.895,34.1815,51,2694,610.0,887,833,13.8428,5.0
-119.4958,36.2428,40,4080,306.0,1439,347,9.3039,5.0
-120.0935,39.8872,19,1485,1188.0,255,527,9.2675,5.0
-123.4454,38.3467,13,3069,860.0,2436,166,5.4784,5.0
-116.7232,38.4416,49,4120,882.0,200,284,11.0533,5.0
-124.0083,34.3234,52,2790,440.0,1363,546,9.1966,5.0
-123.7541,37.4872,37,883,737.0,1659,321,14.913,5.0
-118.0894,40.4745,48,2255,705.0,1712,375,8.161,5.0
-115.5777,37.4979,36,3296,88.0,1604,439,6.1698,5.0
-115.3168,38.5774,47,969,729.0,2307,560,9.8259,5.0
-122.1716,39.1355,44,914,508.0,631,694,6.8872,5.0
-116.1686,35.9757,46,2935,927.0,1372,695,10.8357,5.0
-122.5553,37.4031,27,1509,,1523,762,6.5012,5.0
-122.4619,35.8855,4,3471,377.0,1072,547,8.9998,5.0
-119.7326,35.1228,41,1238,388.0,1004,351,8.7052,5.0
-118.5938,33.2143,2,444,615.0,2322,78,9.2957,8.7997
-119.0372,40.9268,38,1718,747.0,920,403,7.8928,5.0
-115.1605,35.7598,21,4447,443.0,1084,285,7.1343,5.0
-119.374,39.263,17,1614,527.0,1226,17,9.2161,5.0
-120.7447,34.458,22,2646,734.0,1270,926,7.7197,5.0
-119.7256,38.1636,46,2949,681.0,1533,11,9.9064,5.0
-122.5312,39.551,22,1510,892.0,1274,587,8.5727,5.0
-117.1171,39.1258,27,3965,628.0,1681,640,4.3783,5.0
-122.6147,37.0205,32,2866,306.0,1514,432,9.2086,5.0
-119.5259,41.8819,33,3188,56.0,1755,1174,15.0,5.0
-123.4723,33.9472,41,630,791.0,2378,500,10.4263,5.0
-117.1136,39.5599,33,549,464.0,827,293,11.5286,5.0
-120.7342,33.6529,41,6,460.0,2573,957,10.98,5.0
-116.4667,37.267,31,2425,477.0,1104,284,8.0185,5.0
-122.7069,32.5581,49,2378,110.0,1884,117,5.978,5.0
-119.4712,33.0901,36,3523,448.0,1530,230,12.3812,5.0
-115.5764,41.0606,36,4440,2.0,1210,325,13.4543,5.0
-117.0304,39.5448,14,2349,444.0,46,506,11.3992,5.0
-122.312,32.8611,46,2331,303.0,2545,583,10.8618,5.0
-123.4114,33.2967,30,3196,1085.0,888,94,10.7531,5.0
-118.3722,33.509,5,4492,687.0,867,586,9.3166,5.0
-114.5083,40.5025,8,1665,498.0,2160,1082,10.3212,5.0
-120.3098,37.0431,2,3407,605.0,1470,306,9.4436,5.0
-117.3019,40.4226,39,2358,768.0,2746,459,10.5046,5.0
-117.5154,38.2177,24,2253,342.0,2592,677,6.8287,5.0
-114.5252,39.7954,41,3635,493.0,1912,812,7.5997,5.0
-120.2899,33.7433,46,1705,457.0,1593,318,11.4027,5.0
-123.4929,39.3473,48,1371,1271.0,1949,241,8.3872,5.0
-123.4023,35.3122,21,3455,580.0,497,228,4.1497,9.5804
-115.2123,38.5488,29,2625,2.0,1536,783,9.8125,5.0
-122.2312,33.9446,6,2339,787.0,1519,731,4.3429,5.0
-118.5011,35.6235,4,2496,1301.0,1087,1,15.0,5.0
-117.9637,40.1104,7,3253,284.0,1593,1,11.9977,5.0
-115.3033,33.2165,4,2212,1557.0,397,168,11.8075,5.0
-120.1075,33.966,12,3576,540.0,2045,99,7.5203,5.0
-121.866,35.2143,40,3154,846.0,2314,602,6.432,5.0
-115.2372,34.4983,45,4437,396.0,513,552,8.7619,5.0
-118.2028,40.3873,24,4177,481.0,1517,1011,9.4764,5.0
-114.3803,40.8421,18,3686,204.0,2493,704,7.2601,5.0
-116.5383,40.379,50,2413,,1708,526,9.9309,5.0
-117.6947,36.6534,45,2799,2.0,697,806,11.869,5.0
-119.6199,38.5055,18,1945,887.0,727,259,11.525,5.0
-124.3879,37.9245,49,6082,228.0,2010,125,6.637,5.0
-116.0981,38.5961,39,2391,665.0,2693,503,4.5458,5.0
-120.7922,38.3372,41,3325,653.0,659,742,9.4304,5.0
-123.8214,41.2671,44,4290,371.0,1441,67,7.5471,10.8094
-116.9337,38.6733,49,1022,572.0,874,730,10.9496,5.0
-114.4457,32.8028,42,1667,531.0,1217,721,15.0,5.0
-116.9662,39.6353,14,2184,415.0,1630,362,15.0,5.0
-122.6413,37.7895,34,1464,572.0,1386,539,10.379,5.0
-120.927,39.9716,11,1136,572.0,937,422,13.6837,8.897
-120.951,35.7002,38,2039,264.0,2879,516,15.0,5.0
-121.3288,34.4734,13,4211,184.0,1304,707,9.5778,5.0
-117.5033,37.3115,15,3529,313.0,1288,282,10.3348,5.0
-117.1056,34.6573,1,2702,592.0,2186,769,12.5584,5.0
-121.5852,38.099,16,2694,956.0,1423,724,9.3229,5.0
-120.4529,37.6684,49,666,981.0,1273,734,7.9817,5.0
-121.1566,39.0603,40,3497,648.0,2074,1,7.3391,5.0
-121.7938,32.7364,11,3173,830.0,695,3,9.4614,5.0
-117.7711,39.9812,46,1362,593.0,1934,677,7.667,5.0
-116.3075,33.6504,33,2910,876.0,2130,339,12.3398,5.0
-117.1748,37.0131,25,2430,594.0,1874,312,8.448,5.0
-114.6834,36.4696,15,2040,670.0,1290,292,15.0,5.0
-114.891,41.8132,42,1475,475.0,1408,140,14.1775,5.0
-114.6727,40.072,29,1851,555.0,221,418,6.2412,5.0
-116.4946,41.1733,49,1530,1105.0,1323,303,13.5754,5.0
-120.6702,35.043,23,3216,210.0,1615,321,8.2631,5.0
-116.865,37.2619,40,3101,557.0,2016,621,14.9633,5.0
-114.6286,40.8086,38,3049,386.0,1512,182,11.2326,5.0
-121.6238,40.6389,12,2444,834.0,1144,791,9.3194,5.0
-120.8479,38.131,11,2173,1081.0,832,1,11.8514,5.0
-124.1615,37.2773,30,5114,466.0,1382,1157,7.8578,5.0
-115.2402,34.8957,16,428,,1507,135,10.5704,5.0
-116.3581,37.5248,43,4099,734.0,2253,648,10.7723,5.0
-123.1643,40.7218,8,3088,734.0,1420,735,9.0192,5.0
-119.9085,39.3336,43,2746,69.0,1066,493,10.784,5.0
-121.4654,40.3019,17,2053,486.0,1339,691,6.7881,5.0
-120.8881,38.2408,12,2401,537.0,1078,465,11.4205,5.0
-119.976,33.4171,44,1240,2.0,1251,28,6.3284,5.0
-114.8847,34.2732,6,999,751.0,3,585,11.6768,5.0
-121.2457,36.499,51,2530,683.0,309,797,11.1057,5.0
-118.5757,40.9461,35,677,625.0,585,348,12.0214,5.0
-116.8794,37.033,1,3672,248.0,1736,45,7.8812,5.0
-117.2529,41.4074,20,4002,349.0,1359,335,15.0,5.0
-124.0232,37.0373,44,6,372.0,1515,580,8.8073,5.0
-120.8996,39.4585,6,801,694.0,2218,574,9.9953,5.0
-116.0394,39.0783,39,2991,270.0,691,786,7.3918,5.0
-122.6353,32.6144,27,2919,980.0,2205,642,15.0,5.0
-119.8499,36.619,5,2799,665.0,1679,628,8.1308,5.0
-116.4403,37.9406,30,3172,2.0,918,1,13.2479,5.0
-122.3231,41.841,9,3561,1043.0,2444,1084,6.9481,5.0
-119.4617,40.2553,23,3705,601.0,425,507,10.5573,5.0
-114.7882,34.7625,46,4814,395.0,632,722,8.4172,5.0
-123.4206,35.3042,38,2698,584.0,1268,402,12.9878,5.0
-121.5125,37.1365,11,3703,25.0,1693,454,8.6499,5.0
-124.1388,35.9227,32,719,610.0,1280,510,7.1524,5.0
-123.8142,35.9717,48,2509,2.0,3,911,11.0816,5.0
-116.2729,37.8834,16,1204,257.0,1206,896,6.4134,10.584
-119.0411,32.9503,29,4340,948.0,1354,658,6.9393,5.0
-118.1816,36.5716,23,5470,921.0,3173,1020,12.3177,5.0
-121.7587,33.1865,52,3318,455.0,2363,390,5.1241,5.0
-117.2776,32.6501,37,1108,273.0,1497,632,12.2883,5.0
-122.9367,40.5883,27,2533,825.0,657,374,8.3595,5.0
-122.3753,33.0768,49,2704,539.0,1649,838,7.048,5.0
-123.7753,38.7417,7,2907,615.0,605,505,10.3625,5.0
-114.844,39.8314,46,3976,736.0,1552,754,11.7893,5.0
-121.0798,33.2784,32,3814,241.0,1665,952,7.8748,5.0
-121.4735,33.2467,16,6,784.0,1135,1,9.0205,5.0
-120.1352,32.7791,24,4310,2.0,1584,1071,12.4762,5.0
-122.05,40.8147,4,2074,979.0,1183,580,12.2849,5.0
-115.1999,37.0373,4,1999,96.0,1017,411,9.4111,5.0
-121.5664,33.9189,10,4371,370.0,2473,1,7.4169,5.0
-123.9406,41.7985,43,2350,358.0,1813,416,6.999,5.0
-115.9022,38.3394,51,1026,765.0,1199,1,7.863,5.0
-117.0594,40.8982,47,1080,770.0,881,519,12.0023,5.0
-122.5538,33.4324,34,2740,657.0,1534,451,11.6064,5.0
-120.6059,38.0407,51,3760,711.0,1803,980,10.6044,5.0
-122.793,39.6914,15,4473,689.0,2000,409,15.0,5.0
-115.313,36.7213,34,2467,531.0,2430,781,8.6874,5.0
-115.1798,37.2051,10,2110,2.0,1730,806,8.4632,5.0
-123.8583,32.9925,31,4619,2.0,638,1045,8.4509,5.0
-122.2022,34.5309,6,2123,2.0,2814,431,15.0,5.0
-120.2481,34.9371,11,4422,538.0,2213,699,4.8629,5.0
-118.1424,36.7001,40,2953,485.0,1985,93,10.5775,5.0
-116.0151,32.6442,51,2957,511.0,2335,202,11.139,5.0
-115.3293,33.3296,4,2390,617.0,382,424,9.8128,5.0
-114.979,38.0972,39,3028,483.0,1153,491,15.0,5.0
-118.5936,41.8609,45,2115,260.0,1057,174,14.1682,5.0
-116.9044,34.9432,35,1858,113.0,2233,387,12.4157,5.0
-115.3724,37.5147,19,2510,2.0,595,684,7.1532,5.0
-116.9114,37.2189,37,1892,906.0,1188,376,11.3502,5.0
-119.7124,39.8362,3,3038,816.0,2459,456,8.5175,5.0
-116.0403,37.5587,44,2775,155.0,1858,261,9.7756,5.0
-118.0561,37.356,47,2358,471.0,1144,865,10.2969,5.0
-121.5075,32.8935,18,2433,679.0,2709,971,8.2213,5.0
-124.1003,32.6421,21,2398,1016.0,492,552,11.8808,5.0
-116.6862,36.7159,6,4759,374.0,1723,467,15.0,5.0
-124.1955,33.6714,36,2662,601.0,1253,941,13.5798,5.0
-116.4269,35.5371,52,1960,888.0,1762,625,10.3645,5.0
-116.5204,33.918,14,2318,42.0,1219,320,5.1032,8.9135
-122.458,40.0321,2,3467,336.0,832,139,13.8185,5.0
-115.7536,35.2809,9,2432,538.0,1557,341,13.7803,5.0
-118.7732,38.6637,15,2492,339.0,500,1083,9.0651,5.0
-114.7767,38.126,42,2365,1167.0,1776,340,8.2564,5.0
-114.9742,39.1444,26,2870,803.0,1189,1268,12.0098,5.0
-124.1642,35.0859,1,3141,607.0,2046,498,7.4051,5.0
-122.0236,34.0309,3,3204,269.0,1100,441,12.5739,5.0
-116.1748,40.7672,9,710,803.0,945,851,6.7777,5.0
-119.0748,37.1838,17,1392,734.0,1685,433,7.1444,5.0
-122.9267,39.3062,8,6,399.0,2261,600,9.7299,5.0
-119.2329,36.7161,46,3633,422.0,3,221,5.9919,5.0
-120.8857,32.7511,26,4001,121.0,1491,167,9.6884,5.0
-120.5074,33.6658,33,4231,526.0,1841,302,11.5382,5.0
-123.2862,33.8996,52,2844,802.0,428,558,6.2812,5.0
-118.2696,32.802,31,4049,841.0,801,322,13.1399,5.0
-116.0301,39.3021,4,2627,718.0,1852,1,8.0545,5.0
-120.504,41.6217,1,2526,790.0,838,626,11.6082,5.0
-121.2071,36.3305,8,823,376.0,968,455,10.398,5.0
-115.2651,41.7208,23,1733,411.0,2593,424,8.3428,5.0
-118.0272,33.5637,14,1961,901.0,757,335,8.162,5.0
-114.5462,35.8137,7,3773,680.0,812,1,5.5317,5.0
-115.8836,38.2141,14,4660,316.0,3,923,7.713,5.0
-122.2617,38.634,21,2109,695.0,652,371,7.5274,5.0
-117.3259,32.7724,19,3118,791.0,558,640,15.0,5.0
-122.8216,40.999,21,3002,755.0,2591,871,13.5564,5.0
-122.7389,41.9502,1,1743,579.0,2247,800,6.1848,5.0
-117.9586,35.3044,23,607,397.0,535,553,12.625,5.0
-124.1007,35.3099,10,1768,665.0,2764,502,10.4394,5.0
-122.0729,38.4995,17,948,1043.0,1939,581,8.5655,5.0
-114.611,36.4745,52,2292,591.0,1283,741,11.2973,5.0
-121.4201,37.4492,41,2500,353.0,1965,654,12.5879,5.0
-117.1526,40.7061,44,2453,647.0,1670,380,8.0525,5.0
-117.2465,38.6088,25,2468,187.0,879,620,8.8718,5.0
-118.938,33.6213,27,3249,615.0,193,600,10.2531,10.4623
-115.9117,35.6343,48,1553,460.0,779,685,7.0289,5.0
-122.3537,40.7146,46,3734,827.0,1403,554,10.3186,5.0
-122.995,41.3645,18,665,578.0,1161,865,9.4584,9.9988
-116.3865,35.4211,26,2744,854.0,896,553,7.7714,5.0
-120.9193,33.2351,8,3135,1219.0,2079,737,7.3712,5.0
-122.3743,39.9303,4,1720,484.0,672,511,10.7392,5.0
-119.1744,34.5697,19,757,304.0,2021,346,12.9488,5.0
-117.4437,34.6434,20,3433,681.0,1073,247,10.8302,5.0
-119.0943,36.4126,46,1861,521.0,1481,457,7.3409,5.0
-116.2295,33.2881,44,3604,588.0,633,643,12.423,5.0
-120.8913,38.9389,19,3588,371.0,1400,838,10.2764,10.0968
-116.3068,40.6473,51,2661,709.0,866,476,11.802,5.0
-115.1216,35.6989,43,2666,567.0,201,361,14.2334,5.0
-118.5121,38.8935,32,3850,2.0,1392,364,7.2303,5.0
-117.5963,33.7627,37,3118,478.0,1370,844,9.2854,5.0
-118.6343,35.9116,23,1550,644.0,1978,528,7.9925,5.0
-121.3765,33.9751,14,2868,890.0,1601,366,7.3003,5.0
-121.8921,33.4919,5,3330,378.0,706,697,15.0,5.0
-117.112,35.1146,10,2910,313.0,982,147,13.2233,5.0
-122.9241,35.9962,25,2894,882.0,3,531,5.4513,5.0
-120.3069,32.7202,6,2491,369.0,632,488,11.18,5.0
-120.6372,38.5957,3,2525,577.0,2300,464,8.1053,5.0
-115.4015,38.6154,24,1548,684.0,2451,192,14.1612,5.0
-118.9824,35.2328,30,956,761.0,1931,762,9.9945,5.0
-121.7107,36.6224,37,4014,549.0,1614,948,9.1853,5.0
-119.9831,35.0859,18,1906,222.0,1810,147,10.19,5.0
-123.7906,33.4641,16,2933,841.0,1741,532,11.0275,5.0
-121.5893,41.5579,4,873,420.0,208,672,9.8222,5.0
-117.505,41.3527,50,2856,395.0,802,1102,9.0518,5.0
-121.9217,36.8696,37,1678,1130.0,2223,389,9.297,5.0
-121.3723,40.2878,1,6214,802.0,2219,247,11.498,5.0
-115.1794,37.3199,50,1450,238.0,1570,499,6.7236,5.0
-121.6607,41.5952,41,1513,406.0,1190,1037,9.7213,5.0
-118.5897,38.3204,19,3793,475.0,1139,518,9.3533,5.0
-114.3859,40.6643,9,4025,328.0,1029,570,8.298,5.0
-123.4986,37.8195,52,151,2.0,764,973,12.3781,5.0
-120.2681,37.8169,52,2971,779.0,74,1,6.3788,5.0
-116.3098,38.453,25,3716,772.0,1507,1,8.6326,5.0
-116.6591,40.4783,6,1205,,1092,742,7.3622,5.0
-118.124,33.6708,19,3483,429.0,1256,706,11.6275,5.0
-117.2188,39.2933,48,2037,607.0,2589,130,8.3485,5.0
-122.9433,39.2883,49,1475,731.0,1813,638,9.8858,5.0
-123.7873,41.9892,21,2248,243.0,919,511,11.0342,5.0
-123.1443,35.8494,16,2115,449.0,1805,558,5.7713,5.0
-115.3166,39.0372,15,1007,383.0,364,285,11.2798,9.4917
-122.5982,36.0154,44,5336,748.0,2131,379,7.6188,5.0
-117.4199,38.1363,3,2123,622.0,1586,266,8.9528,5.0
-123.6133,32.5747,32,1775,168.0,1270,514,9.3786,5.0
-115.4245,40.3004,12,3685,366.0,1799,438,12.6747,5.0
-116.6215,34.3047,26,2579,1059.0,2410,949,12.3861,5.0
-115.8751,37.1381,20,4256,263.0,1083,667,15.0,5.0
-114.5217,34.0436,32,2347,589.0,721,80,10.3102,5.0
-117.8444,41.474,49,3085,362.0,2866,611,8.327,5.0
-115.4698,39.3801,28,2777,907.0,1414,882,8.2564,5.0
-114.3307,40.6869,51,2864,527.0,2437,575,12.0493,5.0
-123.4726,39.6986,29,2417,418.0,936,790,15.0,5.0
-123.9277,41.0298,5,2541,204.0,1665,491,10.8787,5.0
-116.8945,38.7238,46,4663,474.0,960,688,8.0604,5.0
-118.4891,33.2922,30,1854,785.0,1842,251,10.6452,5.0
-121.9283,33.1731,51,2014,740.0,1212,710,10.5807,5.0
-117.5641,39.6238,2,2256,161.0,940,132,9.8364,5.0
-117.7406,35.239,45,3345,997.0,2477,844,7.634,5.0
-120.9519,39.2931,6,3143,473.0,1638,97,4.245,5.0
-123.8817,36.6334,4,3779,239.0,3,1,8.1661,5.0
-114.4401,40.6023,33,1069,582.0,1240,641,13.7301,5.0
-118.9229,35.7207,3,2974,364.0,768,454,10.4324,5.0
-123.4253,33.3665,28,2455,376.0,559,530,4.7284,5.0
-116.3405,40.4564,49,2324,361.0,999,614,9.7483,5.0
-115.5449,35.3609,47,2860,518.0,1072,493,5.3211,5.0
-120.6282,36.2685,39,321,399.0,1426,264,15.0,5.0
-116.3711,39.8723,47,2990,48.0,853,556,10.3576,5.0
-123.7163,34.8841,48,2837,695.0,112,593,6.5676,5.0
-117.3226,41.4225,9,965,393.0,1031,631,12.6323,5.0
-114.545,32.7724,2,2552,890.0,2012,1030,7.5364,5.0
-116.8376,39.7296,33,4509,699.0,455,304,11.6932,5.0
-121.6866,40.6056,39,2204,722.0,1831,518,9.8016,5.0
-120.4144,38.4168,42,3371,596.0,1720,649,6.6181,5.0
-117.6271,34.349,7,2397,919.0,1091,381,12.0954,5.0
-119.9864,33.4959,41,1700,449.0,1617,180,6.2821,5.0
-114.3612,39.8253,15,1570,256.0,882,349,15.0,5.0
-116.4895,39.4354,30,2193,643.0,1124,784,9.9269,9.1904
-120.0288,39.9153,52,4212,2.0,693,428,6.953,8.5305
-117.2981,41.7847,27,3636,436.0,1725,663,5.3812,5.0
-123.6947,38.2461,41,1826,605.0,2353,304,15.0,5.0
-121.033,41.5001,30,3853,423.0,930,619,15.0,5.0
-124.0053,41.8589,49,2513,907.0,2233,320,6.4533,5.0
-120.9572,38.0909,22,1844,746.0,3,275,15.0,5.0
-122.6146,39.845,3,3177,576.0,786,530,10.2789,5.0
-119.4893,34.0581,30,1582,427.0,698,514,9.0535,5.0
-121.0652,41.9876,11,799,860.0,2598,893,9.4598,5.0
-123.8022,37.2148,47,4204,346.0,990,67,8.9147,5.0
-122.7879,37.2658,50,494,422.0,1943,636,15.0,5.0
-120.2571,39.0126,19,3310,759.0,3,930,10.2221,5.0
-118.327,40.6314,44,854,715.0,1480,863,5.3294,5.0
-121.719,35.1317,23,2631,1132.0,1795,398,15.0,5.0
-120.3489,39.6472,49,2431,480.0,1375,318,12.9838,5.0
-114.8463,40.4058,23,2144,2.0,3,368,6.8182,5.0
-120.264,36.2632,40,70,733.0,1524,580,8.6623,5.0
-119.5275,36.674,46,2537,906.0,1965,550,7.2416,5.0
-119.3781,40.8808,20,2623,495.0,2320,593,9.8819,5.0
-115.0517,35.6768,13,1601,993.0,1678,660,11.071,5.0
-122.7116,40.1564,26,2586,1057.0,224,215,10.5203,5.0
-119.683,40.9562,23,3846,350.0,1255,199,8.0037,8.9414
-116.2175,35.9584,19,1815,403.0,2030,173,7.4925,5.0
-119.0372,35.5014,40,2972,180.0,830,142,12.8368,5.0
-121.0255,34.279,25,1303,699.0,1794,474,9.4178,9.6908
-120.594,34.4157,21,3121,750.0,1067,583,15.0,5.0
-122.4217,40.6827,29,3426,717.0,1465,1175,7.4756,5.0
-117.6311,35.1532,45,5610,185.0,1929,642,12.5935,9.4162
-115.8734,35.0623,10,3742,321.0,906,505,9.8893,5.0
-117.0484,38.6849,28,3182,128.0,3398,878,7.5916,5.0
-123.898,35.1925,4,4339,76.0,1506,304,15.0,5.0
-116.4662,35.1845,6,1491,152.0,1640,591,10.1336,5.0
-116.853,41.3463,49,3939,84.0,883,760,7.2668,5.0
-120.5774,41.9032,20,2024,489.0,1444,710,8.7687,5.0
-121.5281,39.7502,12,1936,664.0,1213,608,13.5725,5.0
-114.6924,39.9565,8,3968,722.0,382,407,6.5212,5.0
-122.9977,36.0492,35,2948,535.0,331,169,15.0,5.0
-116.4193,35.8208,23,4241,347.0,1601,459,12.1756,5.0
-121.6736,40.2747,23,955,538.0,1339,341,8.8856,5.0
-118.9115,37.4996,19,2994,706.0,3,684,15.0,5.0
-117.3052,34.492,43,2049,,3,464,15.0,5.0
-115.1566,35.5932,18,2352,556.0,1184,650,11.8381,5.0
-116.5923,39.4112,4,416,452.0,1352,71,10.291,5.0
-123.5882,36.1803,44,3782,389.0,1825,759,15.0,5.0
-115.6482,40.1939,18,2922,551.0,534,273,15.0,5.0
-114.5813,34.6173,47,1508,218.0,1814,83,7.1856,5.0
-124.0287,32.518,43,1082,844.0,1185,133,9.0955,5.0
-121.4083,33.8601,40,1646,90.0,1045,333,9.0702,5.0
-115.4821,33.5173,17,4327,674.0,1301,800,8.5076,5.0
-119.0323,34.2898,40,2557,147.0,2090,690,5.9601,5.0
-124.31,41.7873,46,2282,976.0,1790,187,13.0785,5.0
-116.6411,38.6963,47,3259,791.0,2022,523,10.0032,5.0
-114.4326,36.6198,46,2691,,919,472,10.0527,5.0
-122.8957,33.8541,48,2952,411.0,1201,82,15.0,5.0
-115.6446,40.194,17,3556,215.0,586,236,8.0865,5.0
-118.1342,38.569,10,3070,523.0,1013,1,9.5525,5.0
-118.2397,34.9935,11,3717,659.0,1123,268,10.6472,5.0
-123.929,37.0536,47,1272,,1074,1,8.4454,5.0
-114.5764,40.553,8,2755,146.0,1899,288,9.3843,5.0
-114.3187,41.6323,9,2263,898.0,1698,250,12.5152,5.0
-123.0924,41.5353,47,2808,372.0,1931,288,9.7049,5.0
-116.1433,38.0618,15,2636,620.0,1490,281,15.0,5.0
-120.8641,37.5339,36,1934,793.0,2151,808,7.6062,5.0
-124.1046,36.4848,42,2273,697.0,1480,407,10.3991,5.0
-119.1326,32.575,5,3802,662.0,2076,564,6.0911,5.0
-115.8884,35.3026,8,2035,483.0,1752,701,9.3618,5.0
-118.52,40.3435,40,1220,,1915,740,7.727,5.0
-123.8268,35.9211,51,3387,584.0,1353,681,15.0,5.0
-115.68,38.7424,4,3833,885.0,533,352,12.4302,5.0
-120.0612,41.8214,49,2371,117.0,389,208,11.5052,5.0
-118.749,40.0329,52,2839,398.0,2770,293,15.0,5.0
-120.2918,35.5114,1,1703,181.0,1671,374,15.0,5.0
-114.6464,34.7522,49,2452,262.0,1710,501,12.3266,5.0
-118.9414,41.2921,34,3994,310.0,1283,477,7.7559,5.0
-116.1445,34.5076,37,3636,856.0,1079,792,6.0476,5.0
-114.8266,39.2837,49,2867,1158.0,3410,473,9.6377,5.0
-118.4019,38.5626,17,2369,930.0,616,977,8.6574,5.0
-115.8181,37.8506,29,776,199.0,1356,774,7.8653,5.0
-122.2748,35.456,15,3065,562.0,1364,372,8.8447,5.0
-122.457,41.7549,28,3233,213.0,608,729,5.6443,5.0
-116.9224,39.8171,26,3935,668.0,510,1,15.0,5.0
-117.5649,36.4145,31,5066,906.0,908,867,6.6838,5.0
-114.7644,34.0673,35,3139,709.0,1159,610,7.7993,5.0
-120.7763,36.3784,29,3822,791.0,1060,606,11.7436,5.0
-122.5778,32.926,8,1384,498.0,1969,52,5.6902,5.0
-120.1767,34.2648,31,4114,2.0,575,1171,13.1869,5.0
-115.3971,34.7591,26,3718,2.0,1683,432,13.261,5.0
-118.8751,33.9847,36,4300,512.0,2428,462,8.7789,5.0
-121.2316,37.5942,24,3492,705.0,2025,799,6.8196,5.0
-119.3466,33.8777,50,3231,906.0,603,448,8.3238,5.0
-117.0131,33.3565,1,4436,440.0,3,274,5.2837,5.0
-123.3372,33.1604,5,1921,561.0,1992,675,15.0,5.0
-117.3145,40.9021,48,3457,614.0,1748,230,9.9083,5.0
-119.9923,33.2543,13,3973,846.0,990,698,7.6315,5.0
-115.5405,41.6154,33,1781,520.0,2296,537,7.2114,5.0
-116.2795,41.3292,1,1351,225.0,1117,800,11.7636,5.0
-116.6447,37.3523,45,3212,851.0,1476,178,15.0,5.0
-123.9161,40.9147,4,2850,658.0,673,831,6.3883,5.0
-118.9963,32.7162,13,3419,650.0,1623,578,8.0484,5.0
-123.8526,39.662,11,3461,174.0,1099,1025,5.4413,5.0
-120.8204,37.5406,49,1809,538.0,1048,327,12.1698,5.0
-122.6672,38.312,47,3104,45.0,2156,994,10.2496,5.0
-119.4449,41.9991,2,4029,2.0,1550,687,15.0,5.0
-122.2329,34.0237,17,2293,472.0,353,710,9.346,5.0
-121.2065,35.4319,38,2376,415.0,1884,307,8.4257,5.0
-116.8082,39.0257,32,1390,703.0,1986,648,7.6964,5.0
-116.5808,34.2125,47,3667,955.0,817,678,12.9082,5.0
-116.7775,41.244,17,4996,530.0,1125,279,5.6763,5.0
-117.0113,34.0454,41,1110,1054.0,1438,192,12.478,5.0
-120.812,36.2348,52,3605,371.0,1225,294,10.5614,5.0
-124.0078,39.6114,18,3770,759.0,1487,889,8.2322,5.0
-123.7826,40.7427,11,2058,175.0,1855,542,7.2171,5.0
-118.5454,39.9874,32,2279,576.0,1056,749,13.8033,5.0
-114.6538,40.2787,21,1492,449.0,2857,577,15.0,5.0
-119.2326,36.3696,52,1799,480.0,902,531,8.3956,5.0
-119.7048,36.0735,20,2910,709.0,1023,559,11.5995,5.0
-115.7041,37.6895,2,3479,2.0,2778,391,15.0,5.0
-120.63,34.1596,12,2853,573.0,3069,825,7.9236,5.0
-122.1383,37.5942,8,3718,306.0,1426,546,8.9524,5.0
-114.7974,37.7592,4,2957,574.0,1269,560,6.4932,5.0
-124.3791,35.5407,8,1351,653.0,649,132,9.2668,5.0
-119.0169,33.8796,21,4417,433.0,2200,582,9.4727,5.0
-122.6199,33.3553,27,4105,433.0,1521,320,8.4706,5.0
-121.893,35.9013,11,1889,209.0,808,367,7.6147,5.0
-114.9045,37.6353,30,4793,698.0,1684,776,5.7534,5.0
-117.6047,41.8519,2,3270,347.0,2359,210,6.2263,5.0
-118.8568,34.3649,38,2876,,1880,447,7.0353,5.0
-123.3212,32.6913,47,4965,130.0,2946,667,12.0431,5.0
-115.0456,35.3476,49,6,933.0,2212,806,8.2178,5.0
-119.998,36.9556,18,845,246.0,1708,362,7.3331,5.0
-123.3843,38.0012,43,3555,872.0,1377,585,12.105,5.0
-118.8708,35.709,1,2437,411.0,1785,576,11.7346,5.0
-123.5512,41.1814,22,1618,697.0,2252,200,7.5731,5.0
-115.7924,34.5422,33,4489,499.0,2001,1,7.9018,5.0
-120.2978,34.9993,27,3296,735.0,2138,1,12.1243,5.0
-121.4609,34.9454,25,1234,541.0,1556,659,10.9891,8.9548
-121.8477,41.6919,3,1955,905.0,1937,527,7.3695,5.0
-122.298,37.0427,36,3717,,2251,144,10.5436,5.0
-122.45,35.8432,47,4817,736.0,1284,330,9.6377,5.0
-118.3133,32.9812,19,385,1020.0,493,394,14.1023,5.0
-122.6972,36.1655,23,3022,340.0,2608,405,7.2902,5.0
-118.8833,40.1394,8,2283,914.0,1808,492,13.06,5.0
-115.5507,40.4689,30,687,560.0,1092,1086,11.2396,5.0
-116.9434,41.5371,34,2536,115.0,1564,292,6.9541,5.0
-118.9468,34.3888,49,856,677.0,1227,538,13.8299,5.0
-120.0619,32.8686,21,2104,481.0,206,295,13.1782,5.0
-120.9049,34.1911,41,4626,1025.0,1271,333,6.2695,5.0
-121.8532,33.1602,46,3334,399.0,403,266,15.0,5.0
-120.1766,40.7121,36,3648,554.0,1542,439,6.6393,5.0
-114.4264,35.2281,17,3435,607.0,1324,353,7.1623,5.0
-118.8462,40.4431,24,3149,2.0,2194,593,8.7391,5.0
-121.4549,35.2482,12,3873,686.0,1316,556,12.5867,5.0
-121.6563,33.4856,48,1372,254.0,1662,263,11.8236,5.0
-119.9074,35.0793,10,2315,944.0,1191,1009,9.4294,5.0
-119.8338,38.3159,33,3735,1018.0,1134,189,15.0,5.0
-120.8967,41.7372,14,1885,538.0,422,594,11.1429,5.0
-118.8488,38.5503,3,2226,85.0,2093,1076,15.0,5.0
-116.9151,40.1313,13,4152,592.0,1520,310,15.0,5.0
-117.3212,37.3697,23,4535,591.0,992,852,10.3833,5.0
-117.0606,41.2733,28,2031,747.0,1546,877,4.1098,5.0
-119.1127,40.6507,10,1786,455.0,1110,590,8.3637,5.0
-116.0075,41.8894,20,3425,198.0,893,9,6.7864,5.0
-123.562,40.5195,20,3059,499.0,1575,877,10.0377,5.0
-118.5475,39.1309,51,1955,274.0,2251,524,10.0565,5.0
-115.9917,40.4019,34,3442,1049.0,1211,354,6.4487,5.0
-116.9885,40.992,11,3392,337.0,403,839,6.6084,5.0
-114.7334,38.9375,5,2839,353.0,970,307,8.9071,5.0
-122.9713,33.2479,49,6186,527.0,2658,783,9.1105,5.0
-117.7416,36.6611,8,4337,184.0,832,354,4.0551,5.0
-116.441,41.6931,18,3700,412.0,2232,642,13.5009,5.0
-120.3448,39.0736,8,3945,501.0,1233,214,9.8345,5.0
-121.8641,36.2918,26,6215,400.0,1918,395,9.6998,5.0
-119.9199,40.9275,30,4033,468.0,1326,257,10.7557,5.0
-116.0768,35.9145,50,1905,896.0,296,311,6.8924,5.0
-122.1318,36.228,22,3124,664.0,1112,549,9.5671,5.0
-116.4659,37.6003,41,2834,156.0,2878,454,13.8132,5.0
-116.8572,38.9285,25,2083,417.0,1308,550,13.9982,5.0
-118.8507,37.9218,50,3053,754.0,1795,840,11.3752,5.0
-119.182,35.6669,13,3043,353.0,1165,469,8.8564,8.1427
-114.8556,37.8441,29,2683,563.0,1308,6,7.3727,5.0
-123.0644,35.8469,5,2179,532.0,1626,423,15.0,5.0
-123.7492,38.8635,17,3720,692.0,1732,521,11.6222,5.0
-119.1389,37.7981,30,879,489.0,2954,770,8.4335,5.0
-123.5485,33.5211,36,3716,499.0,1389,774,4.6638,5.0
-121.8132,38.4916,3,2761,293.0,1274,752,7.2463,5.0
-123.0637,41.429,36,3072,643.0,937,439,5.0578,5.0
-114.8424,38.4164,52,6,274.0,482,671,14.8582,5.0
-119.286,33.1989,3,4721,1037.0,274,117,10.3752,5.0
-121.7849,37.748,8,721,534.0,1865,843,7.5554,5.0
-121.1089,34.0508,6,1736,476.0,98,616,8.8578,5.0
-122.5342,36.4684,47,3505,766.0,2385,635,15.0,5.0
-120.6756,34.068,50,2039,516.0,2002,399,14.7255,5.0
-122.5636,41.2192,17,2273,565.0,1195,515,6.1559,5.0
-115.9105,39.8478,38,130,525.0,593,322,9.3077,5.0
-118.7474,37.9234,39,2239,332.0,1421,650,6.395,5.0
-123.3188,35.3269,43,3000,275.0,1417,147,5.4029,5.0
-115.807,33.4811,20,3548,339.0,2190,758,10.3287,8.1154
-119.8426,39.2449,10,2415,865.0,882,644,15.0,5.0
-124.0667,34.7954,15,3009,360.0,1137,1038,15.0,5.0
-116.7465,41.1328,51,3266,424.0,1365,490,9.8789,5.0
-117.7193,40.8389,45,1961,411.0,1208,475,8.5564,5.0
-119.3302,34.0423,16,1871,740.0,965,551,10.4274,5.0
-120.2083,41.971,7,5055,1108.0,202,510,13.872,5.0
-117.0305,41.7038,8,1753,275.0,254,471,5.8977,5.0
-114.5551,33.2497,48,4200,697.0,929,207,5.1262,5.0
-119.3454,37.3526,19,2836,574.0,1245,206,15.0,5.0
-115.3452,35.2671,49,4483,453.0,2101,349,10.7148,5.0
-118.8628,38.4768,19,2003,685.0,3019,423,15.0,5.0
-121.9795,40.4838,39,3361,,2602,185,10.5605,5.0
-117.187,35.0148,4,3142,779.0,1679,192,15.0,5.0
-116.4565,33.1689,14,2487,603.0,2717,424,7.8868,5.0
-123.1289,35.982,45,3118,254.0,1321,697,11.5505,5.0
-122.2297,34.386,19,1851,997.0,1034,449,15.0,5.0
-123.2247,39.2392,46,2659,784.0,3022,680,13.8344,10.1827
-124.0239,35.3033,5,2284,873.0,656,758,8.3054,5.0
-120.9973,38.1874,11,3649,123.0,1112,704,13.2486,5.0
-119.4294,33.549,34,2647,462.0,1218,388,7.7382,5.0
-118.5455,35.0612,29,1117,390.0,2424,392,5.9501,5.0
-119.3955,39.7936,37,2317,720.0,987,5,11.6597,5.0
-116.0496,40.3974,46,2639,928.0,1949,318,15.0,5.0
-122.6161,37.7462,7,1692,2.0,1118,624,13.0526,5.0
-114.7432,37.9754,20,4319,546.0,547,211,6.3004,5.0
-116.7515,33.0345,10,3230,504.0,1568,859,13.1443,5.0
-123.8845,38.1193,27,3745,826.0,1520,881,12.31,5.0
-123.8223,38.0537,15,1855,528.0,594,402,8.3006,5.0
-123.2984,34.5962,13,2285,176.0,797,745,4.1161,5.0
-118.1979,39.3833,16,3940,484.0,848,124,13.8327,5.0
-118.6995,33.6954,25,1069,243.0,2077,222,13.2303,5.0
-121.8164,37.5569,43,3187,317.0,1726,401,11.5622,5.0
-117.5855,33.3796,17,2860,,1570,502,5.3412,9.7066
-120.971,40.5398,44,2166,402.0,1746,451,5.8066,5.0
-116.4391,36.3237,43,2861,620.0,1070,271,13.8253,5.0
-117.0086,41.6489,39,1488,105.0,1738,1022,12.8582,5.0
-122.0344,36.7729,9,3019,1205.0,980,577,11.5536,5.0
-123.6946,39.8609,13,1322,901.0,471,576,8.9334,5.0
-118.2036,37.2758,2,1252,745.0,912,681,11.1589,5.0
-123.5447,32.9691,29,4401,170.0,1551,547,8.0631,5.0
-118.6562,35.5214,47,1928,2.0,1467,439,8.7315,5.0
-117.6474,38.0783,49,265,293.0,2144,352,7.2006,5.0
-122.8902,40.0342,9,3902,473.0,222,65,10.6451,5.0
-116.6282,33.1077,26,1845,1179.0,1250,897,8.4154,5.0
-120.3453,37.3333,29,6,914.0,1680,255,13.5516,5.0
-118.0404,39.8535,52,2687,390.0,731,58,12.5024,5.0
-119.1746,34.564,37,3847,886.0,1579,286,7.3365,5.0
-117.1926,35.7823,14,3169,890.0,1118,75,15.0,5.0
-119.4214,35.2291,17,4781,544.0,614,1029,6.5849,5.0
-119.1288,39.5377,37,2607,888.0,2189,597,11.3839,5.0
-119.6484,35.2267,49,3460,634.0,432,874,14.1929,5.0
-122.8032,41.1273,32,1567,352.0,2105,886,15.0,5.0
-118.0342,40.399,18,2948,204.0,1115,651,4.5111,5.0
-124.158,37.7113,11,4560,505.0,747,652,13.7956,5.0
-120.1831,41.7887,11,3349,826.0,786,308,14.8901,5.0
-116.5417,35.5284,9,2947,152.0,889,478,15.0,5.0
-115.7536,32.6189,4,424,79.0,812,340,4.4797,5.0
-115.8728,38.9666,50,2311,697.0,1593,511,7.6862,5.0
-116.9092,40.225,47,1235,2.0,98,314,9.4027,5.0
-114.6123,41.4437,20,3672,1062.0,2273,836,8.3299,5.0
-114.4109,34.1055,12,1884,414.0,1989,703,15.0,5.0
-120.3323,32.8294,30,3182,750.0,2376,472,7.6789,5.0
-117.5847,38.1115,47,1574,1072.0,718,56,14.9467,5.0
-122.8167,36.2811,28,4982,125.0,3,682,11.8404,5.0
-118.0358,34.6914,24,1372,239.0,969,735,5.8561,5.0
-121.0735,38.8511,45,2918,1182.0,1288,482,6.8821,5.0
-115.5694,37.4743,49,5859,459.0,1618,165,8.2608,5.0
-123.0398,38.323,51,3010,503.0,1043,615,10.0672,5.0
-122.7622,41.2631,5,1726,605.0,1347,779,13.7726,5.0
-117.8843,40.6673,21,3482,843.0,1510,1,9.1307,5.0
-118.7519,34.181,45,3927,919.0,322,650,13.3748,10.1076
-118.1242,33.1078,9,3785,571.0,2670,18,5.6119,5.0
-118.3992,38.6431,51,430,444.0,621,521,3.3489,5.0
-123.9312,32.5962,41,3012,530.0,1590,963,8.6498,5.0
-118.3563,34.4875,37,243,627.0,2161,524,11.4262,5.0
-119.9679,41.2149,36,5000,915.0,859,627,8.5768,5.0
-122.4162,36.2099,7,2841,579.0,1409,415,6.8355,5.0
-116.0577,39.4533,27,2212,1061.0,2549,498,11.2828,5.0
-116.9826,38.7559,52,3552,294.0,1210,1123,15.0,5.0
-117.7879,33.5628,20,3334,692.0,2139,854,9.3865,5.0
-120.218,39.5716,42,1355,1043.0,1611,417,7.5486,5.0
-122.7941,39.649,32,4679,909.0,1567,399,7.2396,5.0
-124.398,32.6364,11,2470,635.0,1910,505,15.0,5.0
-115.61,41.593,16,677,287.0,1246,1082,9.5961,5.0
-119.6552,33.479,51,4415,336.0,1261,555,12.058,5.0
-119.5094,37.0131,8,4573,495.0,2081,795,14.9165,5.0
-121.4207,37.0737,5,4244,629.0,1591,403,14.1892,5.0
-120.1826,36.9694,7,3408,469.0,1757,163,7.0483,5.0
-118.0784,41.9352,7,1702,123.0,572,851,13.6001,5.0
-119.937,34.15,28,3869,329.0,1420,480,13.0764,5.0
-116.1178,40.174,1,4962,688.0,2257,292,11.5502,5.0
-122.4574,40.8496,52,3724,779.0,2038,316,13.8576,5.0
-123.1608,33.8724,31,4657,139.0,1650,322,7.9967,5.0
-115.7845,32.5245,37,1840,436.0,1047,339,9.4825,5.0
-122.4037,34.9557,22,3968,61.0,981,92,8.0997,5.0
-121.2889,32.9197,23,3871,379.0,1716,818,12.6908,5.0
-116.9394,33.1429,5,992,1554.0,2403,601,7.7438,5.0
-124.1094,40.368,18,830,558.0,1440,758,11.1689,5.0
-119.1558,32.7462,26,1906,441.0,2323,409,6.6363,5.0
-121.1441,35.022,5,2857,371.0,1201,592,9.3257,5.0
-114.9291,33.2329,46,3299,194.0,2251,544,8.5748,5.0
-119.0799,33.8444,26,2493,8.0,711,811,9.3511,5.0
-119.2052,37.6466,5,2684,528.0,1541,716,10.1959,5.0
-117.8908,41.1298,16,2627,461.0,664,595,9.1259,5.0
-116.3159,40.7766,34,2866,963.0,1872,328,9.0129,5.0
-121.451,33.5771,36,3456,72.0,1811,182,4.7156,5.0
-124.1524,40.4069,9,3351,665.0,747,288,14.3295,5.0
-118.4484,40.7496,19,2697,924.0,890,332,7.825,9.3646
-119.8851,34.865,27,3070,2.0,1101,357,8.9335,5.0
-122.2625,34.4712,43,2226,,370,173,7.2856,5.0
-117.1364,35.9699,18,3710,79.0,763,939,13.8072,9.3756
-116.9828,39.9011,36,2163,690.0,806,571,7.092,5.0
-114.5049,41.9189,15,4715,963.0,1958,1,11.6113,5.0
-114.8395,37.6276,30,2735,539.0,2378,211,14.7004,5.0
-122.0258,36.3491,1,3089,622.0,1100,146,15.0,5.0
-120.5132,35.937,30,1859,341.0,1209,563,14.7515,5.0
-116.8586,36.7652,31,2353,623.0,1560,782,12.0892,5.0
-124.2146,34.8179,43,2959,864.0,1046,239,6.4012,5.0
-116.0894,39.1989,24,2786,488.0,1216,664,15.0,5.0
-117.7763,38.0313,8,2024,500.0,1996,427,14.754,5.0
-121.2903,35.8093,36,1381,652.0,1572,804,13.0548,5.0
-115.5278,39.1977,40,2811,776.0,1351,861,12.8971,5.0
-119.6921,39.9184,10,2947,72.0,1010,582,10.0063,5.0
-122.0003,34.2735,46,3418,557.0,2439,690,8.1379,5.0
-116.2011,36.2031,52,4249,344.0,982,499,14.2207,5.0
-115.1491,38.4265,22,2392,682.0,1495,401,15.0,5.0
-122.9271,39.5875,2,388,837.0,689,193,6.7819,5.0
-114.8473,33.127,38,2594,629.0,995,586,13.421,5.0
-122.7014,33.508,11,565,910.0,1477,481,10.6295,5.0
-117.466,39.8904,6,1232,256.0,1135,399,13.2981,5.0
-119.4357,39.7119,34,3992,423.0,1784,480,10.7408,5.0
-115.5999,34.5013,37,3440,257.0,1458,451,14.3891,5.0
-114.3895,36.1962,7,1997,557.0,444,226,13.9652,5.0
-123.3751,38.9753,6,2008,568.0,3,361,13.3111,5.0
-119.8015,37.332,14,2659,483.0,2106,801,6.0383,5.0
-115.6655,39.9228,15,672,193.0,1002,439,13.0233,5.0
-120.3085,34.4597,27,3338,518.0,2445,868,9.9447,5.0
-122.6639,36.4939,1,2349,415.0,1420,196,6.6007,5.0
-119.5165,35.6239,40,4960,713.0,876,143,12.511,5.0
-123.9564,40.4534,38,1502,463.0,1800,534,6.071,5.0
-122.6079,35.6375,45,3963,873.0,1221,705,13.3612,5.0
-115.785,39.4056,44,1953,606.0,1419,327,15.0,8.0082
-115.9663,36.6424,17,3983,8.0,760,665,8.2137,5.0
-116.2628,34.2173,31,1598,491.0,1856,746,13.4828,5.0
-123.7953,38.4623,35,3642,131.0,2176,783,11.4552,5.0
-117.812,34.0174,35,2241,818.0,1043,471,12.2801,5.0
-119.819,33.6194,2,1782,951.0,2657,486,6.1189,8.9619
-117.6615,40.6592,40,2587,533.0,1012,65,12.1096,5.0
-120.9625,41.0152,47,3335,667.0,1584,506,10.2655,5.0
-121.4133,35.8066,17,3250,126.0,266,574,12.6745,5.0
-115.0322,35.9666,35,4652,2.0,65,872,9.8321,5.0
-117.43,38.2351,10,3748,381.0,2879,165,14.3501,5.0
-118.0178,38.372,47,6,467.0,2405,277,10.7879,8.7501
-119.2385,38.06,9,2289,107.0,2212,236,12.421,5.0
-121.4102,35.0322,11,387,566.0,223,737,15.0,10.7288
-119.9571,40.0011,17,2309,630.0,1568,1,10.4552,5.0
-115.4014,35.3671,26,3512,725.0,1703,215,13.8608,5.0
-115.8146,40.7828,26,1170,984.0,1465,1043,10.6246,5.0
-123.3932,41.4598,39,1357,772.0,1617,673,11.7703,5.0
-116.4548,35.0821,39,2940,435.0,767,150,8.1831,5.0
-117.6361,38.2492,2,2423,571.0,1297,484,12.8536,5.0
-117.7937,39.1991,19,4660,713.0,612,723,15.0,5.0
-121.1638,34.6696,44,3153,241.0,1165,645,9.5536,5.0
-114.9079,41.6666,16,3404,921.0,1669,442,12.9401,5.0
-118.6904,36.7405,37,4859,799.0,862,292,11.4036,5.0
-115.8762,37.3621,18,2169,476.0,1215,719,6.7078,5.0
-123.5623,35.8312,41,2766,358.0,1107,498,11.1111,5.0
-119.3024,36.2723,32,1582,1631.0,1419,713,15.0,5.0
-121.9719,33.3377,9,3077,782.0,2052,604,8.3166,5.0
-120.2428,41.4101,22,4006,810.0,1574,377,5.3153,5.0
-121.0503,40.8372,41,4405,1056.0,1685,879,10.5602,5.0
-118.7707,39.807,9,2726,822.0,401,369,7.8806,5.0
-123.0606,41.9836,30,1919,601.0,1155,613,15.0,5.0
-119.8918,40.7414,52,1853,743.0,1980,334,9.7051,5.0
-121.1408,38.3565,8,1102,279.0,806,439,9.828,5.0
-117.4984,32.7316,23,2915,746.0,1105,434,7.9253,5.0
-121.8938,41.6141,7,4396,100.0,730,326,10.7323,5.0
-120.9276,39.9051,35,6,663.0,2340,562,8.1067,5.0
-121.7799,37.5402,45,167,701.0,1091,844,7.2156,5.0
-114.9125,37.2676,33,4448,95.0,898,988,9.639,5.0
-123.4323,38.4829,21,845,1092.0,1839,877,7.4498,5.0
-122.5034,39.4046,4,3168,212.0,2176,455,15.0,5.0
-115.5497,37.7127,15,1265,841.0,1753,883,6.5924,5.0
-120.6169,35.8558,45,3709,390.0,2093,610,9.6051,5.0
-116.8248,33.2432,20,3710,631.0,1555,972,7.7729,5.0
-123.5993,36.2817,3,2975,354.0,1317,169,6.1273,5.0
-122.9731,33.4008,36,3762,1257.0,1099,889,15.0,5.0
-118.3086,36.1168,12,2834,838.0,1051,343,4.7818,5.0
-122.7313,40.7995,8,3450,1062.0,989,804,15.0,5.0
-121.9567,40.1027,1,4959,768.0,1664,378,6.0642,5.0
-120.7153,37.3306,9,4091,743.0,1327,739,10.1629,5.0
-118.1032,39.0711,50,1987,587.0,1467,426,15.0,5.0
-122.7295,36.5684,34,1814,476.0,1829,7,4.743,5.0
-123.7419,37.8274,51,2491,719.0,1368,246,6.1494,5.0
-120.4497,40.9312,47,2503,590.0,448,437,15.0,5.0
-117.5882,41.5818,51,2863,,853,506,10.4567,5.0
-116.2444,35.159,35,2054,150.0,623,1,8.168,5.0
-118.6718,39.7897,2,3560,457.0,73,186,9.7456,5.0
-121.143,36.1251,50,2824,719.0,1479,308,7.0754,5.0
-115.051,36.8004,24,3212,410.0,567,445,10.2761,5.0
-121.2384,36.3082,15,2788,645.0,509,558,15.0,5.0
-116.6469,34.0411,40,3517,505.0,652,285,8.641,5.0
-116.7095,34.6558,19,1347,250.0,2016,102,10.3355,5.0
-117.7261,40.8302,19,4676,287.0,1188,579,14.8911,5.0
-119.0497,37.9591,20,3197,333.0,2104,413,15.0,5.0
-122.2885,33.9948,15,3321,463.0,1342,733,8.0533,5.0
-118.6683,41.8611,19,3515,471.0,1100,362,10.9245,5.0
-124.3076,39.8909,20,4080,867.0,1800,669,8.1235,5.0
-114.802,39.7519,14,3667,235.0,1822,267,7.899,5.0
-119.0991,37.6593,40,3069,2.0,1485,570,8.5897,5.0
-119.5639,38.2024,42,2567,743.0,679,524,7.9317,5.0
-114.8099,33.8803,30,814,416.0,1085,618,5.4419,5.0
-115.7625,34.215,15,3043,512.0,578,255,4.9789,5.0
-121.4198,38.8116,25,2412,1278.0,1224,468,7.6693,5.0
-114.9613,38.8454,22,2411,967.0,1469,278,10.3105,5.0
-115.182,36.2651,24,5671,716.0,2441,458,14.9458,5.0
-122.6975,40.2465,25,558,819.0,2392,663,8.2151,5.0
-120.0547,34.6431,13,2855,582.0,1877,1282,9.3043,5.0
-120.4998,34.001,52,4243,823.0,2071,509,12.3598,5.0
-118.7667,33.0726,36,3942,372.0,1564,687,12.701,5.0
-117.8126,41.3674,18,4277,343.0,3342,530,9.4739,5.0
-120.3124,37.5255,19,1269,414.0,2471,797,9.6754,5.0
-117.6991,37.9817,36,1638,1001.0,3253,621,15.0,5.0
-118.1189,38.7056,35,3533,995.0,1670,774,8.786,5.0
-119.3493,33.6324,18,2436,374.0,1691,593,8.33,5.0
-124.1245,40.8615,18,4845,882.0,2139,1128,5.6426,5.0
-121.7397,41.7828,42,3067,502.0,1534,861,11.4309,5.0
